route_id,direction_id,direction,agency_id,agency_name
388,0,East,3D,Tri Delta Transit
388,1,West,3D,Tri Delta Transit
201,0,West,3D,Tri Delta Transit
201,1,East,3D,Tri Delta Transit
379,0,East,3D,Tri Delta Transit
379,1,West,3D,Tri Delta Transit
390,0,West,3D,Tri Delta Transit
390,1,East,3D,Tri Delta Transit
387,0,East,3D,Tri Delta Transit
387,1,West,3D,Tri Delta Transit
300,0,West,3D,Tri Delta Transit
300,1,East,3D,Tri Delta Transit
393,0,East,3D,Tri Delta Transit
393,1,West,3D,Tri Delta Transit
394,0,West,3D,Tri Delta Transit
394,1,East,3D,Tri Delta Transit
383,0,West,3D,Tri Delta Transit
383,1,East,3D,Tri Delta Transit
391,0,East,3D,Tri Delta Transit
391,1,West,3D,Tri Delta Transit
395,0,Loop,3D,Tri Delta Transit
389,0,Loop,3D,Tri Delta Transit
200,0,West,3D,Tri Delta Transit
200,1,East,3D,Tri Delta Transit
709,0,West,3D,Tri Delta Transit
392,0,East,3D,Tri Delta Transit
392,1,West,3D,Tri Delta Transit
385,0,West,3D,Tri Delta Transit
385,1,East,3D,Tri Delta Transit
380,0,West,3D,Tri Delta Transit
380,1,East,3D,Tri Delta Transit
381,0,East,3D,Tri Delta Transit
381,1,West,3D,Tri Delta Transit
384,0,West,3D,Tri Delta Transit
384,1,East,3D,Tri Delta Transit
396,0,East,3D,Tri Delta Transit
396,1,West,3D,Tri Delta Transit
19,0,West,AC,AC Transit
19,1,East,AC,AC Transit
65,0,East,AC,AC Transit
65,1,West,AC,AC Transit
45,0,West,AC,AC Transit
45,1,East,AC,AC Transit
47,0,North,AC,AC Transit
47,1,South,AC,AC Transit
7,0,North,AC,AC Transit
7,1,South,AC,AC Transit
51A,0,South,AC,AC Transit
51A,1,North,AC,AC Transit
46,0,East,AC,AC Transit
46,1,West,AC,AC Transit
51B,0,South,AC,AC Transit
51B,1,North,AC,AC Transit
54,0,East,AC,AC Transit
54,1,West,AC,AC Transit
314,0,South,AC,AC Transit
314,1,North,AC,AC Transit
72M,0,North,AC,AC Transit
72M,1,South,AC,AC Transit
14,0,East,AC,AC Transit
14,1,West,AC,AC Transit
60,0,East,AC,AC Transit
60,1,West,AC,AC Transit
62,0,East,AC,AC Transit
62,1,West,AC,AC Transit
40,0,South,AC,AC Transit
40,1,North,AC,AC Transit
18,0,North,AC,AC Transit
18,1,South,AC,AC Transit
215,0,North,AC,AC Transit
215,1,South,AC,AC Transit
705,0,East,AC,AC Transit
339,0,West,AC,AC Transit
339,1,East,AC,AC Transit
99,0,North,AC,AC Transit
99,1,South,AC,AC Transit
39,0,West,AC,AC Transit
39,1,East,AC,AC Transit
21,0,West,AC,AC Transit
21,1,East,AC,AC Transit
210,0,North,AC,AC Transit
210,1,South,AC,AC Transit
1,0,South,AC,AC Transit
1,1,North,AC,AC Transit
W,0,East,AC,AC Transit
W,1,West,AC,AC Transit
FS,0,East,AC,AC Transit
FS,1,West,AC,AC Transit
98,0,East,AC,AC Transit
98,1,West,AC,AC Transit
840,0,South,AC,AC Transit
840,1,North,AC,AC Transit
239,0,North,AC,AC Transit
239,1,South,AC,AC Transit
251,0,North,AC,AC Transit
251,1,South,AC,AC Transit
356,0,South,AC,AC Transit
356,1,North,AC,AC Transit
NX,0,West,AC,AC Transit
B,0,West,AC,AC Transit
B,1,East,AC,AC Transit
57,0,East,AC,AC Transit
57,1,West,AC,AC Transit
83,0,South,AC,AC Transit
83,1,North,AC,AC Transit
376,0,North,AC,AC Transit
376,1,South,AC,AC Transit
800,0,East,AC,AC Transit
800,1,West,AC,AC Transit
851,0,North,AC,AC Transit
851,1,South,AC,AC Transit
802,0,South,AC,AC Transit
802,1,North,AC,AC Transit
CB,0,East,AC,AC Transit
CB,1,West,AC,AC Transit
F,0,East,AC,AC Transit
F,1,West,AC,AC Transit
H,0,East,AC,AC Transit
H,1,West,AC,AC Transit
88,0,North,AC,AC Transit
88,1,South,AC,AC Transit
93,0,North,AC,AC Transit
93,1,South,AC,AC Transit
95,0,South,AC,AC Transit
95,1,North,AC,AC Transit
L,0,West,AC,AC Transit
L,1,East,AC,AC Transit
NL,0,West,AC,AC Transit
NL,1,East,AC,AC Transit
NX2,0,East,AC,AC Transit
NXC,0,East,AC,AC Transit
O,0,West,AC,AC Transit
O,1,East,AC,AC Transit
U,0,West,AC,AC Transit
U,1,East,AC,AC Transit
52,0,South,AC,AC Transit
52,1,North,AC,AC Transit
Z,0,East,AC,AC Transit
Z,1,West,AC,AC Transit
LA,0,West,AC,AC Transit
LA,1,East,AC,AC Transit
S,0,West,AC,AC Transit
S,1,East,AC,AC Transit
216,0,North,AC,AC Transit
216,1,South,AC,AC Transit
200,0,South,AC,AC Transit
200,1,North,AC,AC Transit
20,0,East,AC,AC Transit
20,1,West,AC,AC Transit
67,0,North,AC,AC Transit
67,1,South,AC,AC Transit
BSN,0,South,AC,AC Transit
BSN,1,North,AC,AC Transit
217,0,North,AC,AC Transit
217,1,South,AC,AC Transit
46L,0,West,AC,AC Transit
46L,1,East,AC,AC Transit
71,0,North,AC,AC Transit
71,1,South,AC,AC Transit
212,0,North,AC,AC Transit
212,1,South,AC,AC Transit
701,0,West,AC,AC Transit
605,0,East,AC,AC Transit
605,1,West,AC,AC Transit
703,0,West,AC,AC Transit
702,0,West,AC,AC Transit
604,0,West,AC,AC Transit
604,1,East,AC,AC Transit
621,0,North,AC,AC Transit
621,1,South,AC,AC Transit
617,0,West,AC,AC Transit
617,1,East,AC,AC Transit
625,0,North,AC,AC Transit
625,1,South,AC,AC Transit
624,0,South,AC,AC Transit
620,0,South,AC,AC Transit
620,1,North,AC,AC Transit
626,0,South,AC,AC Transit
626,1,North,AC,AC Transit
623,0,South,AC,AC Transit
623,1,North,AC,AC Transit
628,0,North,AC,AC Transit
628,1,South,AC,AC Transit
706,0,West,AC,AC Transit
707,0,West,AC,AC Transit
232,0,North,AC,AC Transit
232,1,South,AC,AC Transit
606,0,West,AC,AC Transit
606,1,East,AC,AC Transit
607,0,North,AC,AC Transit
611,0,West,AC,AC Transit
611,1,East,AC,AC Transit
56,0,North,AC,AC Transit
56,1,South,AC,AC Transit
6,0,South,AC,AC Transit
6,1,North,AC,AC Transit
638,0,West,AC,AC Transit
638,1,East,AC,AC Transit
629,0,South,AC,AC Transit
629,1,North,AC,AC Transit
631,0,South,AC,AC Transit
631,1,North,AC,AC Transit
642,0,West,AC,AC Transit
646,0,East,AC,AC Transit
646,1,West,AC,AC Transit
648,0,East,AC,AC Transit
648,1,West,AC,AC Transit
649,0,West,AC,AC Transit
649,1,East,AC,AC Transit
650,0,West,AC,AC Transit
650,1,East,AC,AC Transit
652,0,East,AC,AC Transit
652,1,West,AC,AC Transit
710,0,North,AC,AC Transit
710,1,South,AC,AC Transit
72,0,North,AC,AC Transit
72,1,South,AC,AC Transit
34,0,North,AC,AC Transit
34,1,South,AC,AC Transit
35,0,South,AC,AC Transit
35,1,North,AC,AC Transit
41,0,South,AC,AC Transit
41,1,North,AC,AC Transit
J,0,East,AC,AC Transit
J,1,West,AC,AC Transit
94,0,West,AC,AC Transit
94,1,East,AC,AC Transit
805,0,West,AC,AC Transit
805,1,East,AC,AC Transit
M,0,West,AC,AC Transit
M,1,East,AC,AC Transit
NX1,0,East,AC,AC Transit
NX3,0,East,AC,AC Transit
NX3,1,West,AC,AC Transit
86,0,North,AC,AC Transit
86,1,South,AC,AC Transit
NX4,0,West,AC,AC Transit
NX4,1,East,AC,AC Transit
OX,0,West,AC,AC Transit
OX,1,East,AC,AC Transit
P,0,East,AC,AC Transit
P,1,West,AC,AC Transit
SB,0,East,AC,AC Transit
SB,1,West,AC,AC Transit
10,0,South,AC,AC Transit
10,1,North,AC,AC Transit
654,0,East,AC,AC Transit
654,1,West,AC,AC Transit
V,0,East,AC,AC Transit
V,1,West,AC,AC Transit
E,0,West,AC,AC Transit
E,1,East,AC,AC Transit
653,0,South,AC,AC Transit
653,1,North,AC,AC Transit
74,0,North,AC,AC Transit
74,1,South,AC,AC Transit
801,0,South,AC,AC Transit
801,1,North,AC,AC Transit
90,0,East,AC,AC Transit
90,1,West,AC,AC Transit
97,0,North,AC,AC Transit
97,1,South,AC,AC Transit
BSD,0,South,AC,AC Transit
BSD,1,North,AC,AC Transit
G,0,West,AC,AC Transit
G,1,East,AC,AC Transit
C,0,East,AC,AC Transit
C,1,West,AC,AC Transit
73,0,West,AC,AC Transit
73,1,East,AC,AC Transit
684,0,West,AC,AC Transit
684,1,East,AC,AC Transit
657,0,West,AC,AC Transit
657,1,East,AC,AC Transit
658,0,South,AC,AC Transit
658,1,North,AC,AC Transit
669,0,West,AC,AC Transit
669,1,East,AC,AC Transit
677,0,West,AC,AC Transit
677,1,East,AC,AC Transit
672,0,West,AC,AC Transit
672,1,East,AC,AC Transit
12,0,North,AC,AC Transit
12,1,South,AC,AC Transit
660,0,West,AC,AC Transit
660,1,East,AC,AC Transit
663,0,South,AC,AC Transit
663,1,North,AC,AC Transit
667,0,East,AC,AC Transit
667,1,West,AC,AC Transit
668,0,West,AC,AC Transit
668,1,East,AC,AC Transit
680,0,West,AC,AC Transit
680,1,East,AC,AC Transit
681,0,West,AC,AC Transit
681,1,East,AC,AC Transit
682,0,West,AC,AC Transit
682,1,East,AC,AC Transit
655,0,East,AC,AC Transit
655,1,West,AC,AC Transit
671,0,East,AC,AC Transit
671,1,West,AC,AC Transit
675,0,West,AC,AC Transit
675,1,East,AC,AC Transit
676,0,East,AC,AC Transit
676,1,West,AC,AC Transit
679,0,East,AC,AC Transit
679,1,West,AC,AC Transit
687,0,East,AC,AC Transit
687,1,West,AC,AC Transit
662,0,West,AC,AC Transit
662,1,East,AC,AC Transit
696,0,West,AC,AC Transit
696,1,East,AC,AC Transit
70,0,North,AC,AC Transit
70,1,South,AC,AC Transit
72R,0,South,AC,AC Transit
72R,1,North,AC,AC Transit
76,0,West,AC,AC Transit
76,1,East,AC,AC Transit
688,0,South,AC,AC Transit
688,1,North,AC,AC Transit
29,0,East,AC,AC Transit
29,1,West,AC,AC Transit
33,0,West,AC,AC Transit
33,1,East,AC,AC Transit
36,0,North,AC,AC Transit
36,1,South,AC,AC Transit
96,0,West,AC,AC Transit
96,1,East,AC,AC Transit
79,0,North,AC,AC Transit
79,1,South,AC,AC Transit
80,0,North,AC,AC Transit
80,1,South,AC,AC Transit
28,0,North,AC,AC Transit
28,1,South,AC,AC Transit
CC,0,East,AM,Capitol Corridor Joint Powers Authority
CC,1,West,AM,Capitol Corridor Joint Powers Authority
SF,0,East,AM,Capitol Corridor Joint Powers Authority
SF,1,West,AM,Capitol Corridor Joint Powers Authority
1,0,West,BA,Bay Area Rapid Transit
1,1,East,BA,Bay Area Rapid Transit
3,0,North,BA,Bay Area Rapid Transit
3,1,South,BA,Bay Area Rapid Transit
5,0,West,BA,Bay Area Rapid Transit
5,1,East,BA,Bay Area Rapid Transit
7,0,West,BA,Bay Area Rapid Transit
7,1,East,BA,Bay Area Rapid Transit
19,0,East,BA,Bay Area Rapid Transit
19,1,West,BA,Bay Area Rapid Transit
9,0,West,BA,Bay Area Rapid Transit
9,1,East,BA,Bay Area Rapid Transit
11,0,West,BA,Bay Area Rapid Transit
11,1,East,BA,Bay Area Rapid Transit
13,0,South,BA,Bay Area Rapid Transit
13,1,North,BA,Bay Area Rapid Transit
2,0,Inbound,CC,County Connection
2,1,Outbound,CC,County Connection
24,0,Inbound,CC,County Connection
24,1,Outbound,CC,County Connection
4,0,Inbound,CC,County Connection
4,1,Outbound,CC,County Connection
5,0,Inbound,CC,County Connection
5,1,Outbound,CC,County Connection
6,0,Inbound,CC,County Connection
6,1,Outbound,CC,County Connection
7,0,Outbound,CC,County Connection
7,1,Inbound,CC,County Connection
8,0,Inbound,CC,County Connection
8,1,Outbound,CC,County Connection
9,0,Inbound,CC,County Connection
9,1,Outbound,CC,County Connection
10,0,Inbound,CC,County Connection
10,1,Outbound,CC,County Connection
11,0,Outbound,CC,County Connection
11,1,Inbound,CC,County Connection
12,0,Inbound,CC,County Connection
12,1,Outbound,CC,County Connection
16,0,Inbound,CC,County Connection
16,1,Outbound,CC,County Connection
17,0,Inbound,CC,County Connection
17,1,Outbound,CC,County Connection
18,0,Outbound,CC,County Connection
18,1,Inbound,CC,County Connection
19,0,Inbound,CC,County Connection
19,1,Outbound,CC,County Connection
20,0,Inbound,CC,County Connection
21,0,Inbound,CC,County Connection
21,1,Outbound,CC,County Connection
22,0,Inbound,CC,County Connection
22,1,Outbound,CC,County Connection
25,0,Inbound,CC,County Connection
26,0,Inbound,CC,County Connection
26,1,Outbound,CC,County Connection
27,0,Inbound,CC,County Connection
27,1,Outbound,CC,County Connection
28,0,Inbound,CC,County Connection
31,0,Inbound,CC,County Connection
31,1,Outbound,CC,County Connection
32,0,Inbound,CC,County Connection
33,0,Inbound,CC,County Connection
33,1,Outbound,CC,County Connection
34,0,Inbound,CC,County Connection
34,1,Outbound,CC,County Connection
35,0,Inbound,CC,County Connection
35,1,Outbound,CC,County Connection
36,0,Inbound,CC,County Connection
36,1,Outbound,CC,County Connection
38,0,Inbound,CC,County Connection
38,1,Outbound,CC,County Connection
40,0,Inbound,CC,County Connection
40,1,Outbound,CC,County Connection
23,0,Inbound,CC,County Connection
23,1,Outbound,CC,County Connection
3,0,Inbound,CC,County Connection
3,1,Outbound,CC,County Connection
15,0,Inbound,CC,County Connection
29,0,Inbound,CC,County Connection
29,1,Outbound,CC,County Connection
30,0,Inbound,CC,County Connection
37,0,Inbound,CC,County Connection
37,1,Outbound,CC,County Connection
1,0,Inbound,CC,County Connection
1,1,Outbound,CC,County Connection
13,0,Inbound,CC,County Connection
13,1,Outbound,CC,County Connection
14,0,Inbound,CC,County Connection
14,1,Outbound,CC,County Connection
39,0,Inbound,CC,County Connection
39,1,Outbound,CC,County Connection
ACE,0,West,CE,Altamont Corridor Express
ACE,1,East,CE,Altamont Corridor Express
12168,0,Inbound,CM,Commute.org Shuttles
12168,1,Loop,CM,Commute.org Shuttles
12151,0,Inbound,CM,Commute.org Shuttles
12151,1,Loop,CM,Commute.org Shuttles
12153,0,Loop,CM,Commute.org Shuttles
12153,1,Inbound,CM,Commute.org Shuttles
12161,0,Outbound,CM,Commute.org Shuttles
12160,0,Loop,CM,Commute.org Shuttles
12160,1,Inbound,CM,Commute.org Shuttles
12159,0,Inbound,CM,Commute.org Shuttles
12159,1,Loop,CM,Commute.org Shuttles
12158,0,Loop,CM,Commute.org Shuttles
12158,1,Inbound,CM,Commute.org Shuttles
12167,0,Loop,CM,Commute.org Shuttles
12155,0,Outbound,CM,Commute.org Shuttles
12165,0,Loop,CM,Commute.org Shuttles
12157,0,Loop,CM,Commute.org Shuttles
12157,1,Inbound,CM,Commute.org Shuttles
12166,0,Loop,CM,Commute.org Shuttles
12156,0,Loop,CM,Commute.org Shuttles
12156,1,Inbound,CM,Commute.org Shuttles
12152,0,Loop,CM,Commute.org Shuttles
12163,0,Loop,CM,Commute.org Shuttles
12163,1,Inbound,CM,Commute.org Shuttles
12150,0,Inbound,CM,Commute.org Shuttles
12150,1,Loop,CM,Commute.org Shuttles
12164,0,Loop,CM,Commute.org Shuttles
12164,1,Inbound,CM,Commute.org Shuttles
12169,0,Loop,CM,Commute.org Shuttles
12169,1,Inbound,CM,Commute.org Shuttles
12154,0,Loop,CM,Commute.org Shuttles
12162,0,Outbound,CM,Commute.org Shuttles
12162,1,Inbound,CM,Commute.org Shuttles
13254,0,South,CT,Caltrain
13254,1,North,CT,Caltrain
12869,0,North,CT,Caltrain
12869,1,South,CT,Caltrain
12870,0,North,CT,Caltrain
12870,1,South,CT,Caltrain
12868,0,North,CT,Caltrain
12868,1,South,CT,Caltrain
12871,0,North,CT,Caltrain
12867,0,North,CT,Caltrain
12867,1,South,CT,Caltrain
DB1,0,East,DE,Dumbarton Express Consortium
DB1,1,West,DE,Dumbarton Express Consortium
DB,0,West,DE,Dumbarton Express Consortium
DB,1,East,DE,Dumbarton Express Consortium
4817,0,Loop,EM,Emery Go-Round
4818,0,Loop,EM,Emery Go-Round
4819,0,Loop,EM,Emery Go-Round
4822,0,Loop,EM,Emery Go-Round
4821,0,Loop,EM,Emery Go-Round
4823,0,Loop,EM,Emery Go-Round
4820,0,Loop,EM,Emery Go-Round
974,0,West,FS,Fairfield and Suisun Transit
974,1,East,FS,Fairfield and Suisun Transit
975,0,South,FS,Fairfield and Suisun Transit
975,1,North,FS,Fairfield and Suisun Transit
11128,0,South,FS,Fairfield and Suisun Transit
11128,1,North,FS,Fairfield and Suisun Transit
11144,0,East,FS,Fairfield and Suisun Transit
11144,1,West,FS,Fairfield and Suisun Transit
973,0,South,FS,Fairfield and Suisun Transit
973,1,North,FS,Fairfield and Suisun Transit
980,0,South,FS,Fairfield and Suisun Transit
980,1,North,FS,Fairfield and Suisun Transit
3204,0,South,FS,Fairfield and Suisun Transit
976,0,East,FS,Fairfield and Suisun Transit
976,1,West,FS,Fairfield and Suisun Transit
977,0,East,FS,Fairfield and Suisun Transit
977,1,West,FS,Fairfield and Suisun Transit
979,0,North,FS,Fairfield and Suisun Transit
979,1,South,FS,Fairfield and Suisun Transit
3205,0,North,FS,Fairfield and Suisun Transit
3202,0,South,FS,Fairfield and Suisun Transit
978,0,East,FS,Fairfield and Suisun Transit
978,1,West,FS,Fairfield and Suisun Transit
SF-212,0,North,GF,Golden Gate Ferry
SF-212,1,South,GF,Golden Gate Ferry
LF-212,0,North,GF,Golden Gate Ferry
LF-212,1,South,GF,Golden Gate Ferry
TF-212,0,South,GF,Golden Gate Ferry
TF-212,1,North,GF,Golden Gate Ferry
704-212,0,West,GG,Golden Gate Transit
704-212,1,East,GG,Golden Gate Transit
705-212,0,West,GG,Golden Gate Transit
801-212,0,North,GG,Golden Gate Transit
18-212,0,South,GG,Golden Gate Transit
18-212,1,North,GG,Golden Gate Transit
101X-212,0,North,GG,Golden Gate Transit
101X-212,1,South,GG,Golden Gate Transit
31-212,0,North,GG,Golden Gate Transit
31-212,1,South,GG,Golden Gate Transit
25-212,0,East,GG,Golden Gate Transit
25-212,1,West,GG,Golden Gate Transit
76-212,0,North,GG,Golden Gate Transit
76-212,1,South,GG,Golden Gate Transit
70-212,0,North,GG,Golden Gate Transit
70-212,1,South,GG,Golden Gate Transit
24C-212,0,North,GG,Golden Gate Transit
24C-212,1,South,GG,Golden Gate Transit
2-212,0,North,GG,Golden Gate Transit
2-212,1,South,GG,Golden Gate Transit
24-212,0,North,GG,Golden Gate Transit
24-212,1,South,GG,Golden Gate Transit
24X-212,0,North,GG,Golden Gate Transit
24X-212,1,South,GG,Golden Gate Transit
27-212,0,South,GG,Golden Gate Transit
27-212,1,North,GG,Golden Gate Transit
30-212,0,North,GG,Golden Gate Transit
30-212,1,South,GG,Golden Gate Transit
38-212,0,North,GG,Golden Gate Transit
38-212,1,South,GG,Golden Gate Transit
4-212,0,South,GG,Golden Gate Transit
4-212,1,North,GG,Golden Gate Transit
40-212,0,East,GG,Golden Gate Transit
40-212,1,West,GG,Golden Gate Transit
40X-212,0,West,GG,Golden Gate Transit
40X-212,1,East,GG,Golden Gate Transit
44-212,0,North,GG,Golden Gate Transit
44-212,1,South,GG,Golden Gate Transit
54-212,0,North,GG,Golden Gate Transit
54-212,1,South,GG,Golden Gate Transit
56-212,0,South,GG,Golden Gate Transit
56-212,1,North,GG,Golden Gate Transit
58-212,0,South,GG,Golden Gate Transit
58-212,1,North,GG,Golden Gate Transit
72X-212,0,South,GG,Golden Gate Transit
72X-212,1,North,GG,Golden Gate Transit
74-212,0,South,GG,Golden Gate Transit
74-212,1,North,GG,Golden Gate Transit
8-212,0,North,GG,Golden Gate Transit
8-212,1,South,GG,Golden Gate Transit
92-212,0,North,GG,Golden Gate Transit
92-212,1,South,GG,Golden Gate Transit
4C-212,0,North,GG,Golden Gate Transit
4C-212,1,South,GG,Golden Gate Transit
54C-212,0,South,GG,Golden Gate Transit
54C-212,1,North,GG,Golden Gate Transit
72-212,0,North,GG,Golden Gate Transit
72-212,1,South,GG,Golden Gate Transit
101-212,0,North,GG,Golden Gate Transit
101-212,1,South,GG,Golden Gate Transit
10901,0,West,MA,Marin Transit
10901,1,East,MA,Marin Transit
10913,0,North,MA,Marin Transit
10913,1,South,MA,Marin Transit
10917,0,North,MA,Marin Transit
10917,1,South,MA,Marin Transit
10897,0,North,MA,Marin Transit
10897,1,South,MA,Marin Transit
10900,0,West,MA,Marin Transit
10900,1,East,MA,Marin Transit
10899,0,West,MA,Marin Transit
10899,1,East,MA,Marin Transit
10902,0,North,MA,Marin Transit
10902,1,South,MA,Marin Transit
10903,0,South,MA,Marin Transit
10903,1,North,MA,Marin Transit
10898,0,South,MA,Marin Transit
10898,1,North,MA,Marin Transit
10904,0,South,MA,Marin Transit
10904,1,North,MA,Marin Transit
10909,0,East,MA,Marin Transit
10909,1,West,MA,Marin Transit
10910,0,South,MA,Marin Transit
10910,1,North,MA,Marin Transit
10911,0,West,MA,Marin Transit
10911,1,East,MA,Marin Transit
10912,0,West,MA,Marin Transit
10912,1,East,MA,Marin Transit
10914,0,East,MA,Marin Transit
10914,1,West,MA,Marin Transit
10915,0,South,MA,Marin Transit
10915,1,North,MA,Marin Transit
10905,0,East,MA,Marin Transit
10905,1,West,MA,Marin Transit
10907,0,East,MA,Marin Transit
10907,1,West,MA,Marin Transit
10908,0,North,MA,Marin Transit
10908,1,South,MA,Marin Transit
10916,0,North,MA,Marin Transit
10916,1,South,MA,Marin Transit
10918,0,West,MA,Marin Transit
10918,1,East,MA,Marin Transit
10924,0,East,MA,Marin Transit
10924,1,West,MA,Marin Transit
10919,0,East,MA,Marin Transit
10919,1,West,MA,Marin Transit
10920,0,South,MA,Marin Transit
10920,1,North,MA,Marin Transit
10923,0,South,MA,Marin Transit
10923,1,North,MA,Marin Transit
10922,0,North,MA,Marin Transit
10922,1,South,MA,Marin Transit
10921,0,North,MA,Marin Transit
10921,1,South,MA,Marin Transit
3,0,Loop,MS,Stanford Marguerite Shuttle
3,1,Inbound,MS,Stanford Marguerite Shuttle
8,0,Inbound,MS,Stanford Marguerite Shuttle
55,0,Inbound,MS,Stanford Marguerite Shuttle
55,1,Loop,MS,Stanford Marguerite Shuttle
20,0,Inbound,MS,Stanford Marguerite Shuttle
20,1,Loop,MS,Stanford Marguerite Shuttle
9,0,Inbound,MS,Stanford Marguerite Shuttle
56,0,Inbound,MS,Stanford Marguerite Shuttle
33,0,Inbound,MS,Stanford Marguerite Shuttle
33,1,Loop,MS,Stanford Marguerite Shuttle
59,0,Inbound,MS,Stanford Marguerite Shuttle
4,0,Inbound,MS,Stanford Marguerite Shuttle
2,0,Inbound,MS,Stanford Marguerite Shuttle
2,1,Loop,MS,Stanford Marguerite Shuttle
36,0,Loop,MS,Stanford Marguerite Shuttle
36,1,Inbound,MS,Stanford Marguerite Shuttle
43,0,Inbound,MS,Stanford Marguerite Shuttle
28,0,Inbound,MS,Stanford Marguerite Shuttle
22,0,Inbound,MS,Stanford Marguerite Shuttle
38,0,Inbound,MS,Stanford Marguerite Shuttle
38,1,Loop,MS,Stanford Marguerite Shuttle
18,0,Loop,MS,Stanford Marguerite Shuttle
18,1,Inbound,MS,Stanford Marguerite Shuttle
2035,0,South,PE,Petaluma Transit
2035,1,Loop,PE,Petaluma Transit
2036,0,South,PE,Petaluma Transit
2036,1,North,PE,Petaluma Transit
2037,0,Loop,PE,Petaluma Transit
2040,0,South,PE,Petaluma Transit
2040,1,Loop,PE,Petaluma Transit
2039,0,East,PE,Petaluma Transit
2039,1,West,PE,Petaluma Transit
9748,0,Unknown,PE,Petaluma Transit
2052,0,Loop,PE,Petaluma Transit
2051,0,South,PE,Petaluma Transit
2051,1,Loop,PE,Petaluma Transit
2049,0,South,PE,Petaluma Transit
2049,1,East,PE,Petaluma Transit
2034,0,North,PE,Petaluma Transit
2034,1,South,PE,Petaluma Transit
5270,0,North,PE,Petaluma Transit
2038,0,Loop,PE,Petaluma Transit
31,0,North,RV,Rio Vista Delta Breeze
31,1,South,RV,Rio Vista Delta Breeze
29,0,East,RV,Rio Vista Delta Breeze
29,1,West,RV,Rio Vista Delta Breeze
SMART,0,Inbound,SA,Sonoma Marin Area Rail Transit
SMART,1,Outbound,SA,Sonoma Marin Area Rail Transit
11113,0,East,SB,San Francisco Bay Ferry
11113,1,West,SB,San Francisco Bay Ferry
11112,0,South,SB,San Francisco Bay Ferry
11112,1,North,SB,San Francisco Bay Ferry
11189,0,West,SB,San Francisco Bay Ferry
11189,1,East,SB,San Francisco Bay Ferry
11188,0,South,SB,San Francisco Bay Ferry
11188,1,North,SB,San Francisco Bay Ferry
11187,0,North,SB,San Francisco Bay Ferry
11114,0,East,SB,San Francisco Bay Ferry
11114,1,West,SB,San Francisco Bay Ferry
11110,0,North,SB,San Francisco Bay Ferry
11110,1,South,SB,San Francisco Bay Ferry
12419,0,South,SB,San Francisco Bay Ferry
12419,1,North,SB,San Francisco Bay Ferry
55,0,South,SC,VTA
55,1,North,SC,VTA
63,0,North,SC,VTA
63,1,South,SC,VTA
73,0,North,SC,VTA
73,1,South,SC,VTA
53,0,North,SC,VTA
53,1,South,SC,VTA
828,0,West,SC,VTA
828,1,East,SC,VTA
901,0,Inbound,SC,VTA
901,1,Outbound,SC,VTA
201,0,East,SC,VTA
201,1,West,SC,VTA
827,0,North,SC,VTA
827,1,South,SC,VTA
103,0,West,SC,VTA
103,1,East,SC,VTA
104,0,East,SC,VTA
104,1,West,SC,VTA
12,0,West,SC,VTA
12,1,East,SC,VTA
120,0,South,SC,VTA
120,1,North,SC,VTA
121,0,South,SC,VTA
121,1,North,SC,VTA
13,0,North,SC,VTA
13,1,South,SC,VTA
14,0,South,SC,VTA
14,1,North,SC,VTA
140,0,North,SC,VTA
140,1,South,SC,VTA
16,0,North,SC,VTA
16,1,South,SC,VTA
18,0,North,SC,VTA
18,1,South,SC,VTA
180,0,North,SC,VTA
180,1,South,SC,VTA
181,0,North,SC,VTA
181,1,South,SC,VTA
182,0,South,SC,VTA
182,1,North,SC,VTA
19,0,South,SC,VTA
19,1,North,SC,VTA
200,0,North,SC,VTA
22,0,East,SC,VTA
22,1,West,SC,VTA
23,0,East,SC,VTA
23,1,West,SC,VTA
25,0,East,SC,VTA
25,1,West,SC,VTA
26,0,East,SC,VTA
26,1,West,SC,VTA
27,0,West,SC,VTA
27,1,East,SC,VTA
304,0,South,SC,VTA
304,1,North,SC,VTA
31,0,North,SC,VTA
31,1,South,SC,VTA
32,0,East,SC,VTA
32,1,West,SC,VTA
321,0,East,SC,VTA
321,1,West,SC,VTA
323,0,East,SC,VTA
323,1,West,SC,VTA
46,0,North,SC,VTA
46,1,South,SC,VTA
47,0,North,SC,VTA
47,1,South,SC,VTA
48,0,South,SC,VTA
48,1,North,SC,VTA
49,0,South,SC,VTA
49,1,North,SC,VTA
522,0,West,SC,VTA
522,1,East,SC,VTA
54,0,North,SC,VTA
54,1,South,SC,VTA
57,0,South,SC,VTA
57,1,North,SC,VTA
58,0,South,SC,VTA
58,1,North,SC,VTA
60,0,South,SC,VTA
60,1,North,SC,VTA
61,0,North,SC,VTA
61,1,South,SC,VTA
62,0,North,SC,VTA
62,1,South,SC,VTA
64,0,North,SC,VTA
64,1,South,SC,VTA
65,0,North,SC,VTA
65,1,South,SC,VTA
66,0,South,SC,VTA
66,1,North,SC,VTA
68,0,North,SC,VTA
68,1,South,SC,VTA
70,0,South,SC,VTA
70,1,North,SC,VTA
71,0,North,SC,VTA
71,1,South,SC,VTA
77,0,South,SC,VTA
77,1,North,SC,VTA
82,0,North,SC,VTA
82,1,South,SC,VTA
822,0,South,SC,VTA
822,1,North,SC,VTA
823,0,West,SC,VTA
823,1,East,SC,VTA
824,0,West,SC,VTA
824,1,East,SC,VTA
825,0,West,SC,VTA
825,1,East,SC,VTA
826,0,West,SC,VTA
826,1,East,SC,VTA
831,0,West,SC,VTA
831,1,East,SC,VTA
88,0,North,SC,VTA
88,1,South,SC,VTA
900,0,Inbound,SC,VTA
900,1,Outbound,SC,VTA
902,0,Outbound,SC,VTA
902,1,Inbound,SC,VTA
17,0,South,SC,VTA
17,1,North,SC,VTA
101,0,North,SC,VTA
101,1,South,SC,VTA
40,0,North,SC,VTA
40,1,South,SC,VTA
45,0,North,SC,VTA
45,1,South,SC,VTA
251,0,South,SC,VTA
911,0,Inbound,SC,VTA
912,0,Outbound,SC,VTA
912,1,Inbound,SC,VTA
913,0,Inbound,SC,VTA
913,1,Outbound,SC,VTA
72,0,North,SC,VTA
72,1,South,SC,VTA
914,0,Inbound,SC,VTA
914,1,Outbound,SC,VTA
35,0,North,SC,VTA
35,1,South,SC,VTA
42,0,North,SC,VTA
42,1,South,SC,VTA
102,0,South,SC,VTA
102,1,North,SC,VTA
168,0,South,SC,VTA
168,1,North,SC,VTA
185,0,North,SC,VTA
185,1,South,SC,VTA
39,0,South,SC,VTA
39,1,North,SC,VTA
81,0,West,SC,VTA
81,1,East,SC,VTA
328,0,North,SC,VTA
328,1,South,SC,VTA
330,0,North,SC,VTA
330,1,South,SC,VTA
52,0,North,SC,VTA
52,1,South,SC,VTA
10,0,East,SC,VTA
10,1,West,SC,VTA
34,0,West,SC,VTA
34,1,East,SC,VTA
89,0,North,SC,VTA
89,1,South,SC,VTA
37,0,East,SC,VTA
37,1,West,SC,VTA
122,0,South,SC,VTA
122,1,North,SC,VTA
14351,0,Outbound,SF,San Francisco Municipal Transportation Agency
14351,1,Inbound,SF,San Francisco Municipal Transportation Agency
14539,0,Inbound,SF,San Francisco Municipal Transportation Agency
14539,1,Outbound,SF,San Francisco Municipal Transportation Agency
14362,0,Inbound,SF,San Francisco Municipal Transportation Agency
14362,1,Outbound,SF,San Francisco Municipal Transportation Agency
14366,0,Inbound,SF,San Francisco Municipal Transportation Agency
14366,1,Outbound,SF,San Francisco Municipal Transportation Agency
14370,0,Outbound,SF,San Francisco Municipal Transportation Agency
14370,1,Inbound,SF,San Francisco Municipal Transportation Agency
14291,0,Outbound,SF,San Francisco Municipal Transportation Agency
14291,1,Inbound,SF,San Francisco Municipal Transportation Agency
14298,0,Inbound,SF,San Francisco Municipal Transportation Agency
14298,1,Outbound,SF,San Francisco Municipal Transportation Agency
14328,0,Inbound,SF,San Francisco Municipal Transportation Agency
14328,1,Outbound,SF,San Francisco Municipal Transportation Agency
14341,0,Outbound,SF,San Francisco Municipal Transportation Agency
14341,1,Inbound,SF,San Francisco Municipal Transportation Agency
14363,0,Outbound,SF,San Francisco Municipal Transportation Agency
14363,1,Inbound,SF,San Francisco Municipal Transportation Agency
14305,0,Outbound,SF,San Francisco Municipal Transportation Agency
14305,1,Inbound,SF,San Francisco Municipal Transportation Agency
14360,0,Inbound,SF,San Francisco Municipal Transportation Agency
14360,1,Outbound,SF,San Francisco Municipal Transportation Agency
14357,0,Outbound,SF,San Francisco Municipal Transportation Agency
14357,1,Inbound,SF,San Francisco Municipal Transportation Agency
14302,0,Outbound,SF,San Francisco Municipal Transportation Agency
14302,1,Inbound,SF,San Francisco Municipal Transportation Agency
14303,0,Outbound,SF,San Francisco Municipal Transportation Agency
14303,1,Inbound,SF,San Francisco Municipal Transportation Agency
14287,0,Inbound,SF,San Francisco Municipal Transportation Agency
14287,1,Outbound,SF,San Francisco Municipal Transportation Agency
14288,0,Inbound,SF,San Francisco Municipal Transportation Agency
14288,1,Outbound,SF,San Francisco Municipal Transportation Agency
14289,0,Inbound,SF,San Francisco Municipal Transportation Agency
14289,1,Outbound,SF,San Francisco Municipal Transportation Agency
14321,0,Inbound,SF,San Francisco Municipal Transportation Agency
14321,1,Outbound,SF,San Francisco Municipal Transportation Agency
14322,0,Outbound,SF,San Francisco Municipal Transportation Agency
14322,1,Inbound,SF,San Francisco Municipal Transportation Agency
14329,0,Inbound,SF,San Francisco Municipal Transportation Agency
14329,1,Outbound,SF,San Francisco Municipal Transportation Agency
14290,0,Outbound,SF,San Francisco Municipal Transportation Agency
14290,1,Inbound,SF,San Francisco Municipal Transportation Agency
14292,0,Outbound,SF,San Francisco Municipal Transportation Agency
14292,1,Inbound,SF,San Francisco Municipal Transportation Agency
14293,0,Inbound,SF,San Francisco Municipal Transportation Agency
14293,1,Outbound,SF,San Francisco Municipal Transportation Agency
14294,0,Inbound,SF,San Francisco Municipal Transportation Agency
14294,1,Outbound,SF,San Francisco Municipal Transportation Agency
14295,0,Inbound,SF,San Francisco Municipal Transportation Agency
14295,1,Outbound,SF,San Francisco Municipal Transportation Agency
14296,0,Inbound,SF,San Francisco Municipal Transportation Agency
14296,1,Outbound,SF,San Francisco Municipal Transportation Agency
14297,0,Inbound,SF,San Francisco Municipal Transportation Agency
14297,1,Outbound,SF,San Francisco Municipal Transportation Agency
14299,0,Inbound,SF,San Francisco Municipal Transportation Agency
14299,1,Outbound,SF,San Francisco Municipal Transportation Agency
14300,0,Inbound,SF,San Francisco Municipal Transportation Agency
14300,1,Outbound,SF,San Francisco Municipal Transportation Agency
14301,0,Inbound,SF,San Francisco Municipal Transportation Agency
14301,1,Outbound,SF,San Francisco Municipal Transportation Agency
14304,0,Outbound,SF,San Francisco Municipal Transportation Agency
14304,1,Inbound,SF,San Francisco Municipal Transportation Agency
14306,0,Inbound,SF,San Francisco Municipal Transportation Agency
14306,1,Outbound,SF,San Francisco Municipal Transportation Agency
14307,0,Outbound,SF,San Francisco Municipal Transportation Agency
14307,1,Inbound,SF,San Francisco Municipal Transportation Agency
14308,0,Inbound,SF,San Francisco Municipal Transportation Agency
14308,1,Outbound,SF,San Francisco Municipal Transportation Agency
14309,0,Outbound,SF,San Francisco Municipal Transportation Agency
14309,1,Inbound,SF,San Francisco Municipal Transportation Agency
14330,0,Outbound,SF,San Francisco Municipal Transportation Agency
14330,1,Inbound,SF,San Francisco Municipal Transportation Agency
14331,0,Outbound,SF,San Francisco Municipal Transportation Agency
14331,1,Inbound,SF,San Francisco Municipal Transportation Agency
14332,0,Inbound,SF,San Francisco Municipal Transportation Agency
14332,1,Outbound,SF,San Francisco Municipal Transportation Agency
14310,0,Inbound,SF,San Francisco Municipal Transportation Agency
14310,1,Outbound,SF,San Francisco Municipal Transportation Agency
14311,0,Inbound,SF,San Francisco Municipal Transportation Agency
14311,1,Outbound,SF,San Francisco Municipal Transportation Agency
14312,0,Inbound,SF,San Francisco Municipal Transportation Agency
14312,1,Outbound,SF,San Francisco Municipal Transportation Agency
14313,0,Inbound,SF,San Francisco Municipal Transportation Agency
14313,1,Outbound,SF,San Francisco Municipal Transportation Agency
14314,0,Inbound,SF,San Francisco Municipal Transportation Agency
14314,1,Outbound,SF,San Francisco Municipal Transportation Agency
14333,0,Outbound,SF,San Francisco Municipal Transportation Agency
14333,1,Inbound,SF,San Francisco Municipal Transportation Agency
14315,0,Inbound,SF,San Francisco Municipal Transportation Agency
14315,1,Outbound,SF,San Francisco Municipal Transportation Agency
14316,0,Inbound,SF,San Francisco Municipal Transportation Agency
14316,1,Outbound,SF,San Francisco Municipal Transportation Agency
14334,0,Inbound,SF,San Francisco Municipal Transportation Agency
14334,1,Outbound,SF,San Francisco Municipal Transportation Agency
14317,0,Inbound,SF,San Francisco Municipal Transportation Agency
14317,1,Outbound,SF,San Francisco Municipal Transportation Agency
14318,0,Inbound,SF,San Francisco Municipal Transportation Agency
14318,1,Outbound,SF,San Francisco Municipal Transportation Agency
14319,0,Inbound,SF,San Francisco Municipal Transportation Agency
14319,1,Outbound,SF,San Francisco Municipal Transportation Agency
14320,0,Outbound,SF,San Francisco Municipal Transportation Agency
14320,1,Inbound,SF,San Francisco Municipal Transportation Agency
14323,0,Outbound,SF,San Francisco Municipal Transportation Agency
14323,1,Inbound,SF,San Francisco Municipal Transportation Agency
14324,0,Outbound,SF,San Francisco Municipal Transportation Agency
14324,1,Inbound,SF,San Francisco Municipal Transportation Agency
14325,0,Inbound,SF,San Francisco Municipal Transportation Agency
14325,1,Outbound,SF,San Francisco Municipal Transportation Agency
14326,0,Inbound,SF,San Francisco Municipal Transportation Agency
14326,1,Outbound,SF,San Francisco Municipal Transportation Agency
14327,0,Outbound,SF,San Francisco Municipal Transportation Agency
14327,1,Inbound,SF,San Francisco Municipal Transportation Agency
14335,0,Outbound,SF,San Francisco Municipal Transportation Agency
14335,1,Inbound,SF,San Francisco Municipal Transportation Agency
14336,0,Inbound,SF,San Francisco Municipal Transportation Agency
14336,1,Outbound,SF,San Francisco Municipal Transportation Agency
14337,0,Outbound,SF,San Francisco Municipal Transportation Agency
14337,1,Inbound,SF,San Francisco Municipal Transportation Agency
14338,0,Outbound,SF,San Francisco Municipal Transportation Agency
14338,1,Inbound,SF,San Francisco Municipal Transportation Agency
14339,0,Outbound,SF,San Francisco Municipal Transportation Agency
14339,1,Inbound,SF,San Francisco Municipal Transportation Agency
14340,0,Inbound,SF,San Francisco Municipal Transportation Agency
14340,1,Outbound,SF,San Francisco Municipal Transportation Agency
14342,0,Outbound,SF,San Francisco Municipal Transportation Agency
14342,1,Inbound,SF,San Francisco Municipal Transportation Agency
14343,0,Outbound,SF,San Francisco Municipal Transportation Agency
14343,1,Inbound,SF,San Francisco Municipal Transportation Agency
14344,0,Outbound,SF,San Francisco Municipal Transportation Agency
14344,1,Inbound,SF,San Francisco Municipal Transportation Agency
14345,0,Inbound,SF,San Francisco Municipal Transportation Agency
14345,1,Outbound,SF,San Francisco Municipal Transportation Agency
14346,0,Inbound,SF,San Francisco Municipal Transportation Agency
14346,1,Outbound,SF,San Francisco Municipal Transportation Agency
14347,0,Inbound,SF,San Francisco Municipal Transportation Agency
14347,1,Outbound,SF,San Francisco Municipal Transportation Agency
14348,0,Outbound,SF,San Francisco Municipal Transportation Agency
14348,1,Inbound,SF,San Francisco Municipal Transportation Agency
14349,0,Outbound,SF,San Francisco Municipal Transportation Agency
14349,1,Inbound,SF,San Francisco Municipal Transportation Agency
14350,0,Inbound,SF,San Francisco Municipal Transportation Agency
14353,0,Outbound,SF,San Francisco Municipal Transportation Agency
14353,1,Inbound,SF,San Francisco Municipal Transportation Agency
14354,0,Inbound,SF,San Francisco Municipal Transportation Agency
14354,1,Outbound,SF,San Francisco Municipal Transportation Agency
14355,0,Inbound,SF,San Francisco Municipal Transportation Agency
14355,1,Outbound,SF,San Francisco Municipal Transportation Agency
14361,0,Outbound,SF,San Francisco Municipal Transportation Agency
14361,1,Inbound,SF,San Francisco Municipal Transportation Agency
14364,0,Inbound,SF,San Francisco Municipal Transportation Agency
14364,1,Outbound,SF,San Francisco Municipal Transportation Agency
14367,0,Outbound,SF,San Francisco Municipal Transportation Agency
14367,1,Inbound,SF,San Francisco Municipal Transportation Agency
14369,0,Outbound,SF,San Francisco Municipal Transportation Agency
14369,1,Inbound,SF,San Francisco Municipal Transportation Agency
14359,0,Inbound,SF,San Francisco Municipal Transportation Agency
14359,1,Outbound,SF,San Francisco Municipal Transportation Agency
14368,0,Inbound,SF,San Francisco Municipal Transportation Agency
14368,1,Outbound,SF,San Francisco Municipal Transportation Agency
14371,0,Outbound,SF,San Francisco Municipal Transportation Agency
14371,1,Inbound,SF,San Francisco Municipal Transportation Agency
SFO-168,0,Unknown,SM,SamTrans
55-168,0,Unknown,SM,SamTrans
24-168,0,Unknown,SM,SamTrans
59-168,0,Unknown,SM,SamTrans
60-168,0,Unknown,SM,SamTrans
60-168,1,Outbound,SM,SamTrans
60-168,1,Inbound,SM,SamTrans
61-168,0,Unknown,SM,SamTrans
62-168,0,Unknown,SM,SamTrans
67-168,0,Unknown,SM,SamTrans
67-168,1,Outbound,SM,SamTrans
68-168,0,Unknown,SM,SamTrans
68-168,1,Outbound,SM,SamTrans
72-168,0,Unknown,SM,SamTrans
73-168,0,Unknown,SM,SamTrans
80-168,0,Unknown,SM,SamTrans
79-168,0,Outbound,SM,SamTrans
79-168,1,Unknown,SM,SamTrans
81-168,0,Unknown,SM,SamTrans
82-168,0,Unknown,SM,SamTrans
83-168,0,Unknown,SM,SamTrans
85-168,0,Unknown,SM,SamTrans
85-168,1,Outbound,SM,SamTrans
87-168,0,Unknown,SM,SamTrans
88-168,0,Unknown,SM,SamTrans
95-168,0,Unknown,SM,SamTrans
110-168,0,Outbound,SM,SamTrans
110-168,1,Inbound,SM,SamTrans
110-168,1,Unknown,SM,SamTrans
112-168,0,Inbound,SM,SamTrans
112-168,1,Outbound,SM,SamTrans
112-168,1,Unknown,SM,SamTrans
118-168,0,Unknown,SM,SamTrans
120-168,0,Outbound,SM,SamTrans
120-168,1,Unknown,SM,SamTrans
120-168,1,Inbound,SM,SamTrans
121-168,0,Unknown,SM,SamTrans
121-168,1,Inbound,SM,SamTrans
121-168,1,Outbound,SM,SamTrans
122-168,0,Unknown,SM,SamTrans
130-168,0,Unknown,SM,SamTrans
130-168,1,Inbound,SM,SamTrans
130-168,1,Outbound,SM,SamTrans
140-168,0,Unknown,SM,SamTrans
140-168,1,Outbound,SM,SamTrans
140-168,1,Inbound,SM,SamTrans
141-168,0,Unknown,SM,SamTrans
141-168,1,Inbound,SM,SamTrans
141-168,1,Outbound,SM,SamTrans
250-168,0,Outbound,SM,SamTrans
250-168,1,Unknown,SM,SamTrans
250-168,1,Inbound,SM,SamTrans
251-168,0,Unknown,SM,SamTrans
251-168,1,Inbound,SM,SamTrans
256-168,0,Unknown,SM,SamTrans
256-168,1,Outbound,SM,SamTrans
260-168,0,Outbound,SM,SamTrans
260-168,1,Inbound,SM,SamTrans
260-168,1,Unknown,SM,SamTrans
270-168,0,Unknown,SM,SamTrans
14-168,0,Unknown,SM,SamTrans
14-168,1,Inbound,SM,SamTrans
16-168,0,Unknown,SM,SamTrans
54-168,0,Unknown,SM,SamTrans
54-168,1,Outbound,SM,SamTrans
56-168,0,Unknown,SM,SamTrans
57-168,0,Unknown,SM,SamTrans
58-168,0,Unknown,SM,SamTrans
84-168,0,Unknown,SM,SamTrans
275-168,0,Inbound,SM,SamTrans
275-168,1,Outbound,SM,SamTrans
275-168,1,Unknown,SM,SamTrans
17-168,0,Inbound,SM,SamTrans
17-168,1,Unknown,SM,SamTrans
17-168,1,Outbound,SM,SamTrans
18-168,0,Inbound,SM,SamTrans
18-168,1,Outbound,SM,SamTrans
18-168,1,Unknown,SM,SamTrans
19-168,0,Unknown,SM,SamTrans
25-168,0,Unknown,SM,SamTrans
28-168,0,Unknown,SM,SamTrans
28-168,1,Outbound,SM,SamTrans
29-168,0,Unknown,SM,SamTrans
35-168,0,Unknown,SM,SamTrans
35-168,1,Inbound,SM,SamTrans
713-168,0,Unknown,SM,SamTrans
37-168,0,Unknown,SM,SamTrans
38-168,0,Outbound,SM,SamTrans
38-168,1,Inbound,SM,SamTrans
38-168,1,Unknown,SM,SamTrans
ECX-168,0,Unknown,SM,SamTrans
274-168,0,Unknown,SM,SamTrans
39-168,0,Unknown,SM,SamTrans
46-168,0,Unknown,SM,SamTrans
46-168,1,Inbound,SM,SamTrans
49-168,0,Unknown,SM,SamTrans
53-168,0,Unknown,SM,SamTrans
53-168,1,Outbound,SM,SamTrans
276-168,0,Unknown,SM,SamTrans
278-168,0,Unknown,SM,SamTrans
278-168,1,Outbound,SM,SamTrans
278-168,1,Inbound,SM,SamTrans
280-168,0,Unknown,SM,SamTrans
281-168,0,Unknown,SM,SamTrans
286-168,0,Outbound,SM,SamTrans
286-168,1,Inbound,SM,SamTrans
286-168,1,Unknown,SM,SamTrans
292-168,0,Inbound,SM,SamTrans
292-168,1,Outbound,SM,SamTrans
292-168,1,Unknown,SM,SamTrans
294-168,0,Unknown,SM,SamTrans
294-168,1,Inbound,SM,SamTrans
295-168,0,Unknown,SM,SamTrans
295-168,1,Inbound,SM,SamTrans
295-168,1,Outbound,SM,SamTrans
296-168,0,Unknown,SM,SamTrans
397-168,0,Unknown,SM,SamTrans
398-168,0,Inbound,SM,SamTrans
398-168,1,Outbound,SM,SamTrans
398-168,1,Unknown,SM,SamTrans
ECR-168,0,Unknown,SM,SamTrans
ECR-168,1,Inbound,SM,SamTrans
ECR-168,1,Outbound,SM,SamTrans
FLXP-168,0,Unknown,SM,SamTrans
1042,0,Loop,SO,Sonoma County Transit LastGenerated
1029,0,West,SO,Sonoma County Transit LastGenerated
1029,1,East,SO,Sonoma County Transit LastGenerated
6033,0,South,SO,Sonoma County Transit LastGenerated
6033,1,North,SO,Sonoma County Transit LastGenerated
6034,0,Loop,SO,Sonoma County Transit LastGenerated
6035,0,South,SO,Sonoma County Transit LastGenerated
6035,1,North,SO,Sonoma County Transit LastGenerated
6031,0,East,SO,Sonoma County Transit LastGenerated
6031,1,West,SO,Sonoma County Transit LastGenerated
6032,0,West,SO,Sonoma County Transit LastGenerated
6032,1,East,SO,Sonoma County Transit LastGenerated
6036,0,West,SO,Sonoma County Transit LastGenerated
6036,1,East,SO,Sonoma County Transit LastGenerated
1050,0,East,SO,Sonoma County Transit LastGenerated
1050,1,West,SO,Sonoma County Transit LastGenerated
1032,0,North,SO,Sonoma County Transit LastGenerated
1032,1,South,SO,Sonoma County Transit LastGenerated
1034,0,South,SO,Sonoma County Transit LastGenerated
1034,1,North,SO,Sonoma County Transit LastGenerated
1044,0,Loop,SO,Sonoma County Transit LastGenerated
1046,0,Loop,SO,Sonoma County Transit LastGenerated
1026,0,East,SO,Sonoma County Transit LastGenerated
1026,1,West,SO,Sonoma County Transit LastGenerated
1051,0,West,SO,Sonoma County Transit LastGenerated
1051,1,East,SO,Sonoma County Transit LastGenerated
1043,0,North,SO,Sonoma County Transit LastGenerated
1043,1,South,SO,Sonoma County Transit LastGenerated
1030,0,North,SO,Sonoma County Transit LastGenerated
1030,1,South,SO,Sonoma County Transit LastGenerated
1031,0,West,SO,Sonoma County Transit LastGenerated
1031,1,East,SO,Sonoma County Transit LastGenerated
1033,0,North,SO,Sonoma County Transit LastGenerated
1033,1,South,SO,Sonoma County Transit LastGenerated
1035,0,South,SO,Sonoma County Transit LastGenerated
1035,1,North,SO,Sonoma County Transit LastGenerated
1052,0,South,SO,Sonoma County Transit LastGenerated
1052,1,North,SO,Sonoma County Transit LastGenerated
1037,0,North,SO,Sonoma County Transit LastGenerated
1037,1,South,SO,Sonoma County Transit LastGenerated
1079,0,BLoop,SO,Sonoma County Transit LastGenerated
1079,1,ALoop,SO,Sonoma County Transit LastGenerated
1027,0,West,SO,Sonoma County Transit LastGenerated
1027,1,East,SO,Sonoma County Transit LastGenerated
3283,0,Loop,SO,Sonoma County Transit LastGenerated
1040,0,Loop,SO,Sonoma County Transit LastGenerated
1039,0,Loop,SO,Sonoma County Transit LastGenerated
1049,0,East,SO,Sonoma County Transit LastGenerated
1049,1,West,SO,Sonoma County Transit LastGenerated
1041,0,Loop,SO,Sonoma County Transit LastGenerated
1036,0,South,SO,Sonoma County Transit LastGenerated
1036,1,North,SO,Sonoma County Transit LastGenerated
1053,0,South,SO,Sonoma County Transit LastGenerated
1053,1,North,SO,Sonoma County Transit LastGenerated
3234,0,North,SO,Sonoma County Transit LastGenerated
3234,1,South,SO,Sonoma County Transit LastGenerated
1028,0,East,SO,Sonoma County Transit LastGenerated
1047,0,Loop,SO,Sonoma County Transit LastGenerated
1048,0,Loop,SO,Sonoma County Transit LastGenerated
1038,0,Loop,SO,Sonoma County Transit LastGenerated
15,0,Loop,SR,Santa Rosa CityBus LastGenerated
21,0,Loop,SR,Santa Rosa CityBus LastGenerated
22,0,Loop,SR,Santa Rosa CityBus LastGenerated
9,0,Loop,SR,Santa Rosa CityBus LastGenerated
10,0,Loop,SR,Santa Rosa CityBus LastGenerated
2,0,Loop,SR,Santa Rosa CityBus LastGenerated
4,0,Loop,SR,Santa Rosa CityBus LastGenerated
5,0,Loop,SR,Santa Rosa CityBus LastGenerated
6,0,Loop,SR,Santa Rosa CityBus LastGenerated
7,0,Loop,SR,Santa Rosa CityBus LastGenerated
17,0,Loop,SR,Santa Rosa CityBus LastGenerated
18,0,Inbound,SR,Santa Rosa CityBus LastGenerated
18,1,Outbound,SR,Santa Rosa CityBus LastGenerated
8,0,Loop,SR,Santa Rosa CityBus LastGenerated
13,0,Loop,SR,Santa Rosa CityBus LastGenerated
3,0,Loop,SR,Santa Rosa CityBus LastGenerated
11,0,Loop,SR,Santa Rosa CityBus LastGenerated
11098,0,East,ST,SolTrans LastGenerated
11098,1,West,ST,SolTrans LastGenerated
1638,0,South,ST,SolTrans LastGenerated
1638,1,North,ST,SolTrans LastGenerated
1646,0,Loop,ST,SolTrans LastGenerated
1639,0,South,ST,SolTrans LastGenerated
1639,1,North,ST,SolTrans LastGenerated
1875,0,East,ST,SolTrans LastGenerated
1875,1,West,ST,SolTrans LastGenerated
1640,0,West,ST,SolTrans LastGenerated
1640,1,East,ST,SolTrans LastGenerated
1641,0,North,ST,SolTrans LastGenerated
1641,1,South,ST,SolTrans LastGenerated
5802,0,South,ST,SolTrans LastGenerated
5802,1,North,ST,SolTrans LastGenerated
1642,0,North,ST,SolTrans LastGenerated
1642,1,South,ST,SolTrans LastGenerated
1643,0,West,ST,SolTrans LastGenerated
1643,1,East,ST,SolTrans LastGenerated
1647,0,Loop,ST,SolTrans LastGenerated
1644,0,North,ST,SolTrans LastGenerated
1644,1,South,ST,SolTrans LastGenerated
1861,0,West,ST,SolTrans LastGenerated
1861,1,East,ST,SolTrans LastGenerated
1650,0,North,ST,SolTrans LastGenerated
1650,1,South,ST,SolTrans LastGenerated
1651,0,North,ST,SolTrans LastGenerated
1651,1,South,ST,SolTrans LastGenerated
6819,0,North,ST,SolTrans LastGenerated
BKSF1,0,Inbound,TD,Tideline Marine Group Inc LastGenerated
BKSF1,1,Outbound,TD,Tideline Marine Group Inc LastGenerated
UCT1,0,Inbound,UC,Union City Transit LastGenerated
UCT8,0,Inbound,UC,Union City Transit LastGenerated
UCT4,0,Inbound,UC,Union City Transit LastGenerated
UCT5,0,Inbound,UC,Union City Transit LastGenerated
UCT2,0,Inbound,UC,Union City Transit LastGenerated
UCT3,0,Inbound,UC,Union City Transit LastGenerated
UCT7,0,Inbound,UC,Union City Transit LastGenerated
UCT9,0,Outbound,UC,Union City Transit LastGenerated
UCT9,1,Inbound,UC,Union City Transit LastGenerated
UCT2S,0,Inbound,UC,Union City Transit LastGenerated
11092,0,Outbound,VC,Vacaville City Coach LastGenerated
11092,1,Inbound,VC,Vacaville City Coach LastGenerated
11095,0,Unknown,VC,Vacaville City Coach LastGenerated
11096,0,Unknown,VC,Vacaville City Coach LastGenerated
11097,0,Unknown,VC,Vacaville City Coach LastGenerated
11099,0,Inbound,VC,Vacaville City Coach LastGenerated
11099,1,Outbound,VC,Vacaville City Coach LastGenerated
11100,0,Outbound,VC,Vacaville City Coach LastGenerated
11100,1,Inbound,VC,Vacaville City Coach LastGenerated
13,0,Inbound,VN,Napa LastGenerated
13,1,Outbound,VN,Napa LastGenerated
16,0,Outbound,VN,Napa LastGenerated
16,1,Inbound,VN,Napa LastGenerated
4,0,Outbound,VN,Napa LastGenerated
5,0,Outbound,VN,Napa LastGenerated
6,0,Outbound,VN,Napa LastGenerated
7,0,Outbound,VN,Napa LastGenerated
3,0,Outbound,VN,Napa LastGenerated
8,0,Outbound,VN,Napa LastGenerated
9,0,Inbound,VN,Napa LastGenerated
9,1,Outbound,VN,Napa LastGenerated
10,0,Inbound,VN,Napa LastGenerated
10,1,Outbound,VN,Napa LastGenerated
14,0,Inbound,VN,Napa LastGenerated
14,1,Outbound,VN,Napa LastGenerated
2,0,Outbound,VN,Napa LastGenerated
2706,0,East,WC,WestCat (Western Contra Costa) LastGenerated
2706,1,West,WC,WestCat (Western Contra Costa) LastGenerated
2689,0,North,WC,WestCat (Western Contra Costa) LastGenerated
2689,1,South,WC,WestCat (Western Contra Costa) LastGenerated
2700,0,South,WC,WestCat (Western Contra Costa) LastGenerated
2700,1,North,WC,WestCat (Western Contra Costa) LastGenerated
2659,0,East,WC,WestCat (Western Contra Costa) LastGenerated
2659,1,West,WC,WestCat (Western Contra Costa) LastGenerated
2670,0,South,WC,WestCat (Western Contra Costa) LastGenerated
2670,1,North,WC,WestCat (Western Contra Costa) LastGenerated
2655,0,Unknown,WC,WestCat (Western Contra Costa) LastGenerated
2666,0,East,WC,WestCat (Western Contra Costa) LastGenerated
2666,1,West,WC,WestCat (Western Contra Costa) LastGenerated
2696,0,South,WC,WestCat (Western Contra Costa) LastGenerated
2696,1,North,WC,WestCat (Western Contra Costa) LastGenerated
2676,0,North,WC,WestCat (Western Contra Costa) LastGenerated
2676,1,South,WC,WestCat (Western Contra Costa) LastGenerated
2664,0,West,WC,WestCat (Western Contra Costa) LastGenerated
2664,1,East,WC,WestCat (Western Contra Costa) LastGenerated
2668,0,North,WC,WestCat (Western Contra Costa) LastGenerated
2668,1,South,WC,WestCat (Western Contra Costa) LastGenerated
2672,0,South,WC,WestCat (Western Contra Costa) LastGenerated
2672,1,North,WC,WestCat (Western Contra Costa) LastGenerated
2674,0,West,WC,WestCat (Western Contra Costa) LastGenerated
2674,1,East,WC,WestCat (Western Contra Costa) LastGenerated
2702,0,South,WC,WestCat (Western Contra Costa) LastGenerated
2702,1,North,WC,WestCat (Western Contra Costa) LastGenerated
12463,0,South,WC,WestCat (Western Contra Costa) LastGenerated
12464,0,West,WC,WestCat (Western Contra Costa) LastGenerated
2661,0,West,WC,WestCat (Western Contra Costa) LastGenerated
2661,1,East,WC,WestCat (Western Contra Costa) LastGenerated
580X,0,West,WH,Livermore Amador Valley Transit Authority LastGenerated
580X,1,East,WH,Livermore Amador Valley Transit Authority LastGenerated
54,0,Inbound,WH,Livermore Amador Valley Transit Authority LastGenerated
54,1,Outbound,WH,Livermore Amador Valley Transit Authority LastGenerated
2,0,Loop,WH,Livermore Amador Valley Transit Authority LastGenerated
8,0,Loop,WH,Livermore Amador Valley Transit Authority LastGenerated
70X,0,Inbound,WH,Livermore Amador Valley Transit Authority LastGenerated
70X,1,Outbound,WH,Livermore Amador Valley Transit Authority LastGenerated
20X,0,East,WH,Livermore Amador Valley Transit Authority LastGenerated
20X,1,West,WH,Livermore Amador Valley Transit Authority LastGenerated
3,0,West,WH,Livermore Amador Valley Transit Authority LastGenerated
30R,0,East,WH,Livermore Amador Valley Transit Authority LastGenerated
30R,1,West,WH,Livermore Amador Valley Transit Authority LastGenerated
502,0,Inbound,WH,Livermore Amador Valley Transit Authority LastGenerated
502,1,Outbound,WH,Livermore Amador Valley Transit Authority LastGenerated
10R,0,East,WH,Livermore Amador Valley Transit Authority LastGenerated
10R,1,West,WH,Livermore Amador Valley Transit Authority LastGenerated
11,0,West,WH,Livermore Amador Valley Transit Authority LastGenerated
11,1,East,WH,Livermore Amador Valley Transit Authority LastGenerated
53,0,Outbound,WH,Livermore Amador Valley Transit Authority LastGenerated
53,1,Inbound,WH,Livermore Amador Valley Transit Authority LastGenerated
14,0,West,WH,Livermore Amador Valley Transit Authority LastGenerated
14,1,East,WH,Livermore Amador Valley Transit Authority LastGenerated
15,0,Loop,WH,Livermore Amador Valley Transit Authority LastGenerated
1,0,Loop,WH,Livermore Amador Valley Transit Authority LastGenerated
503,0,Inbound,WH,Livermore Amador Valley Transit Authority LastGenerated
503,1,Outbound,WH,Livermore Amador Valley Transit Authority LastGenerated
504,0,Inbound,WH,Livermore Amador Valley Transit Authority LastGenerated
504,1,Outbound,WH,Livermore Amador Valley Transit Authority LastGenerated
601,0,Inbound,WH,Livermore Amador Valley Transit Authority LastGenerated
601,1,Outbound,WH,Livermore Amador Valley Transit Authority LastGenerated
602,0,Inbound,WH,Livermore Amador Valley Transit Authority LastGenerated
602,1,Outbound,WH,Livermore Amador Valley Transit Authority LastGenerated
603,0,Inbound,WH,Livermore Amador Valley Transit Authority LastGenerated
603,1,Outbound,WH,Livermore Amador Valley Transit Authority LastGenerated
604,0,Inbound,WH,Livermore Amador Valley Transit Authority LastGenerated
604,1,Outbound,WH,Livermore Amador Valley Transit Authority LastGenerated
605,0,Inbound,WH,Livermore Amador Valley Transit Authority LastGenerated
605,1,Outbound,WH,Livermore Amador Valley Transit Authority LastGenerated
606,0,Inbound,WH,Livermore Amador Valley Transit Authority LastGenerated
606,1,Outbound,WH,Livermore Amador Valley Transit Authority LastGenerated
607,0,Inbound,WH,Livermore Amador Valley Transit Authority LastGenerated
607,1,Outbound,WH,Livermore Amador Valley Transit Authority LastGenerated
608,0,Inbound,WH,Livermore Amador Valley Transit Authority LastGenerated
608,1,Outbound,WH,Livermore Amador Valley Transit Authority LastGenerated
609,0,Outbound,WH,Livermore Amador Valley Transit Authority LastGenerated
609,1,Inbound,WH,Livermore Amador Valley Transit Authority LastGenerated
610,0,Inbound,WH,Livermore Amador Valley Transit Authority LastGenerated
610,1,Outbound,WH,Livermore Amador Valley Transit Authority LastGenerated
611,0,Inbound,WH,Livermore Amador Valley Transit Authority LastGenerated
611,1,Outbound,WH,Livermore Amador Valley Transit Authority LastGenerated
501,0,Inbound,WH,Livermore Amador Valley Transit Authority LastGenerated
501,1,Outbound,WH,Livermore Amador Valley Transit Authority LastGenerated
711,0,Inbound,WH,Livermore Amador Valley Transit Authority LastGenerated
